id;nomesecretario;email;password
1;"JLq QxRNcy UxOn FyOp WrC MUHOh PXCnTbT";"g3_r@z.gaggjoj";always into
2;"AhUSmBb XyO FakN Tu NxohBOY Log KCctFRC RuDWe EMhHi";"i0b@6vx.ybp";skateboard
3;"OY CxPMMe SO OE das FkVVSiy";"kf2o@y.eqnhryt";once
4;"RKeS ES IaVp QS WN";"fir8@4hxv.ro";close
5;"TGEzwxh Mc ZtMH FXsCy JXemC";"fqk72@5.bgpn";colour upliftingly
6;"KCWmZYX InEdyM dos BlFj";"17_v3@2wktg..jo";stage recent considering
7;"AgLv BtAeWt da GW IlZjIaF Zafqv";"rskhm@o.jyw";major
8;"WZjFm StL Xddqmpj OjspoA dos WDRW EFvzHqN QTaOe Bd PktN";"%p_z4c@73e.6.foaiz";inexperienced
9;"Ns da Mbq CmAZR Ico TMLk PmMhp";"shm@1g6f.zsspn";reclassify around
10;"EZ Cwu Wh BD Jyte IN OphRCMm MRyyg BHjveg AFL SdwH";"%j325@4dnxqz.iuevqt";mosh crushing grade
